{
    "classification_report": {
        "Not Coreferent": {
            "precision": 0.966819079029558,
            "recall": 0.9893636061466083,
            "f1-score": 0.977961432506887,
            "support": 39111.0
        },
        "Coreferent": {
            "precision": 0.8580204778156997,
            "recall": 0.6543466944299844,
            "f1-score": 0.7424689899586533,
            "support": 3842.0
        },
        "accuracy": 0.9593974809675692,
        "macro avg": {
            "precision": 0.9124197784226289,
            "recall": 0.8218551502882964,
            "f1-score": 0.8602152112327701,
            "support": 42953.0
        },
        "weighted avg": {
            "precision": 0.9570874135844518,
            "recall": 0.9593974809675692,
            "f1-score": 0.9568974331524692,
            "support": 42953.0
        }
    },
    "confusion_matrix": [
        [
            38695,
            416
        ],
        [
            1328,
            2514
        ]
    ],
    "additional_metrics": {
        "true_positives": 2514,
        "false_positives": 416,
        "true_negatives": 38695,
        "false_negatives": 1328
    },
    "timestamp": "2025-02-25 23:29:20",
    "model_path": "models/modernbert_checkpoint-6000"
}