{
    "classification_report": {
        "Not Coreferent": {
            "precision": 0.9432155827005613,
            "recall": 0.9930483142161974,
            "f1-score": 0.9674906874365052,
            "support": 2877.0
        },
        "Coreferent": {
            "precision": 0.8214285714285714,
            "recall": 0.3484848484848485,
            "f1-score": 0.48936170212765956,
            "support": 264.0
        },
        "accuracy": 0.938872970391595,
        "macro avg": {
            "precision": 0.8823220770645663,
            "recall": 0.670766581350523,
            "f1-score": 0.7284261947820824,
            "support": 3141.0
        },
        "weighted avg": {
            "precision": 0.9329794251151408,
            "recall": 0.938872970391595,
            "f1-score": 0.9273041060542909,
            "support": 3141.0
        }
    },
    "confusion_matrix": [
        [
            2857,
            20
        ],
        [
            172,
            92
        ]
    ],
    "additional_metrics": {
        "true_positives": 92,
        "false_positives": 20,
        "true_negatives": 2857,
        "false_negatives": 172,
        "invalid_count": 1154,
        "invalid_rate": 0.26868451688009315,
        "total_samples": 4295
    },
    "timestamp": "2025-04-28 10:54:26",
    "model_info": {
        "base_model": "Qwen/Qwen2.5-1.5B-Instruct",
        "adapter_path": null
    }
}