{
    "classification_report": {
        "Not Coreferent": {
            "precision": 0.9375285436146432,
            "recall": 0.9972641967732863,
            "f1-score": 0.9664742176078499,
            "support": 39111.0
        },
        "Coreferent": {
            "precision": 0.9207407407407407,
            "recall": 0.3235294117647059,
            "f1-score": 0.4788135593220339,
            "support": 3842.0
        },
        "accuracy": 0.9370009079691756,
        "macro avg": {
            "precision": 0.929134642177692,
            "recall": 0.660396804268996,
            "f1-score": 0.7226438884649419,
            "support": 42953.0
        },
        "weighted avg": {
            "precision": 0.9360269316517643,
            "recall": 0.9370009079691756,
            "f1-score": 0.9228546276110137,
            "support": 42953.0
        }
    },
    "confusion_matrix": [
        [
            39004,
            107
        ],
        [
            2599,
            1243
        ]
    ],
    "additional_metrics": {
        "true_positives": 1243,
        "false_positives": 107,
        "true_negatives": 39004,
        "false_negatives": 2599
    },
    "timestamp": "2025-02-25 23:24:48",
    "model_info": {
        "base_model": "Qwen/Qwen2.5-0.5B-Instruct",
        "adapter_path": "models/qwen/final"
    }
}